Car Name,ABS Avialablity,Engine Size,Transmission,Price (EGP)
Deepal G318 2026 A/T / ADVENTURE,N/A,1500 cc,Automatic,2200000
Deepal G318 2026 A/T / Premium,N/A,1500 cc,Automatic,2050000
Cupra Leon 2026 Automatic,Yes,1400 cc,Automatic,1849000
Kaiyi X7 2026 A/T / Highline,Yes,1600 cc,Automatic,1285000
Byd Atto 2 A/T / Luxury,Yes,-,Automatic,1349900
Hyundai Venue A/T / Redline,Yes,1600 cc,Automatic,920000
Hyundai Venue A/T / Blaze,Yes,1600 cc,Automatic,850000
Xpeng G7 A/T /  Flagship (Super REEV)	,Yes,1500 cc,Automatic,2249900
Xpeng P7 A/T /  Flagship (Super REEV)	,Yes,1500 cc,Automatic,2249900
Haval V7 A/T / ULTRA (PHEV),Yes,1500 cc,Automatic,2100000
Haval V7 A/T / ULTRA (HEV),Yes,1500 cc,Automatic,1825000
Volvo EX90 A/T / Twin Motor,Yes,-,Automatic,4900000
Geely Mounjaro A/T / Ultra Brown,Yes,1500 cc,Automatic,1999000
Geely Mounjaro A/T / Ultra,Yes,1500 cc,Automatic,1949000
Geely Mounjaro A/T / Max,Yes,1500 cc,Automatic,1790000
Geely Mounjaro A/T / Pro,Yes,1500 cc,Automatic,1699000
iCAUR V27 A/T / Play,Yes,1500 cc,Automatic,2150000
iCAUR V27 A/T / Play,Yes,1500 cc,Automatic,1900000
Volvo ES 90 2026 A/T / Ultra,Yes,-,Automatic,3950000
Opel Frontera 2027 A/T / Luxury,Yes,1200 cc,Automatic,1230000
MG RX9 2027 A/T / Luxury,Yes,1500 cc,Automatic,1900000
Cupra Formentor 2026 A/T / VZ,Yes,2000 cc,Automatic,2589000
Nissan Magnite 2027 A/T / ACENTA+,Yes,1000 cc,Automatic,888000
Nissan Magnite 2027 A/T / TEKNA,Yes,1000 cc,Automatic,868000
Nissan Magnite 2027 A/T / ACENTA,Yes,1000 cc,Automatic,848000
Nissan Magnite 2027 A/T / VISIA,Yes,1000 cc,Automatic,788000
IM LS9 2027 A/T / Opulent,Yes,1500 cc,Automatic,3600000
IM LS9 2027 A/T / Ultra,Yes,1500 cc,Automatic,3500000
BAW M7 2027 Manual ,Yes,1600 cc,Manual,990000
Avatr 07 2027 A/T / Premium Vision,Yes,1500 cc,Automatic,2790000
Avatr 07 2027 A/T / Premium,Yes,1500 cc,Automatic,2690000
Avatr 07 2027 A/T / Luxury,Yes,1500 cc,Automatic,2290000
Arcfox T1 2026 A/T / Plus,N/A,-,Automatic,994900
Arcfox T1 2026 A/T / Pro,N/A,-,Automatic,924900
Arcfox Alpha s5 2026 A/T / Pro,N/A,-,Automatic,1599900
Arcfox Alpha s5 2026 A/T / Air,N/A,-,Automatic,1499900
Arcfox Kaola s A/T / Pro,N/A,-,Automatic,1249900
Arcfox Kaola s A/T / Air,N/A,-,Automatic,1174900
Arcfox Alpha T5 2026 A/T / Pro,N/A,-,Automatic,1649900
Arcfox Alpha T5 2026 A/T / Air,N/A,-,Automatic,1499900
Byd Sealion 6 2026 A/T / EV Luxury,Yes,-,Automatic,1799000
Soueast S 08 2027 A/T / Intellingent (DM-i ),Yes,1500 cc,Automatic,1799000
Soueast S 06 2027 A/T / Intellingent (DM-i ),Yes,1500 cc,Automatic,1649000
Jetour T2 1A/T / Luxury (i-DM),Yes,1500 cc,Automatic,2150000
Jetour T2 1.5 A/T / Matt Color,Yes,1500 cc,Automatic,1930000
Skoda Superb 2026 1.5T  A/T / L&K,Yes,2000 cc,Automatic,2600000
Mitsubishi Destinator 2027 A/T / Premium Line,Yes,1500 cc,Automatic,1850000
Mitsubishi Destinator 2027 A/T / High Line,Yes,1500 cc,Automatic,1750000
Mitsubishi Destinator 2027 A/T / Mid Line,Yes,1500 cc,Automatic,1650000
DFSK E 5 Plus 2027 Automatic,Yes,1500 cc,Automatic,1494900
DFSK 600 2026 Automatic,Yes,1500 cc,Automatic,1388900
DFSK E 5 2027 Automatic,Yes,1500 cc,Automatic,1294900
MHERO 917 2026 A/T / Premium,Yes,1500 cc,Automatic,6500000
Voyah Free 2026 A/T / Luxury,Yes,1500 cc,Automatic,2650000
Voyah  Dream  A/T / Premium,Yes,1500 cc,Automatic,4900000
Exeed ES 2027 A/T / Comfort,Yes,1500 cc,Automatic,1990000
Exeed ES 2027 A/T / Flagship,Yes,1500 cc,Automatic,2440000
Exeed ET 2027 A/T / Flagship,Yes,1500 cc,Automatic,2690000
Exeed ET 2027 A/T / Luxury,Yes,1500 cc,Automatic,2490000
Forthing V9 2027 A/T / Exclusive,Yes,1500 cc,Automatic,2600000
Forthing S7 2027 A/T / REEV,Yes,1500 cc,Automatic,1370000
Forthing S7 2027 A/T / EV,Yes,-,Automatic,1290000
Dongfeng 007 2026 A/T / (REEV),Yes,1500 cc,Automatic,1550000
Dongfeng 007 2026 A/T / 620 Pro,Yes,-,Automatic,1450000
Dongfeng 007 2026 A/T / 530 Pro,Yes,-,Automatic,1350000
Dongfeng Mage 2026 A/T / Signature,Yes,1500 cc,Automatic,1290000
Dongfeng Mage 2026 A/T / Highline,Yes,1500 cc,Automatic,1190000
Dongfeng 008 2026 A/T / Luxury,Yes,1500 cc,Automatic,1950000
Byd TI 7 2026 A/T /  Luxury,N/A,1500 cc,Automatic,2800000
Byd TI 7 2026 A/T / Ultra,N/A,1500 cc,Automatic,2350000
Byd Sealion 5  A/T / Luxury ,N/A,1500 cc,Automatic,1699900
Byd Sealion 5  A/T / Ultra,N/A,1500 cc,Automatic,1449000
Xpeng M03 A/T / Premium Plus 2026,Yes,-,Automatic,1400000
Xpeng M03 A/T / Premium 2026,Yes,-,Automatic,1350000
Rox ADAMAS A/T / Couch ,N/A,1500 cc,Automatic,3750000
Rox ADAMAS A/T / First Class,N/A,1500 cc,Automatic,3850000
Geely EX5 EM-i AT/ Max,N/A,1500 cc,Automatic,1549900
Geely EX5 EM-i AT/ Pro,N/A,1500 cc,Automatic,1399900
Geely EX5 A/T / Pro Max ,N/A,-,Automatic,1569900
Geely EX5 A/T / Max ,N/A,-,Automatic,1499900
Geely EX5 A/T / Pro,N/A,-,Automatic,1419900
Geely EX2 A/T / Max ,N/A,-,Automatic,849900
Geely EX2 A/T / Pro,N/A,-,Automatic,749900
Toyota bz4X 2026 A/T / Premier,N/A,-,Automatic,2380000
Toyota bz4X 2026 A/T / Sport,N/A,-,Automatic,2200000
Cadillac Escalade IQL A/T / Premium,N/A,-,Automatic,12249900
Cadillac Escalade IQ A/T / Luxury,N/A,-,Automatic,10949900
Cadillac Vistiq A/T / Luxury,N/A,-,Automatic,6490900
Cadillac Lyriq A/T / Signature ,N/A,-,Automatic,5650000
Cadillac Optiq A/T / Luxury,N/A,-,Automatic,4150000
Kaiyi X7 2026 A/T / Flagship (PHEV),Yes,1500 cc,Automatic,1649900
Kaiyi E5 2026 A/T / Flagship,Yes,1500 cc,Automatic,949900
Kaiyi E5 2026 A/T / Premium ,Yes,1500 cc,Automatic,888000
Byd ATTO 8 2026 A/T / Ultra,N/A,1500 cc,Automatic,2849900
Bestune B70S 1.5T A/T / Premium,N/A,1500 cc,Automatic,1195000
Haval H7 1.5T Ultra Black,N/A,1500 cc,Automatic,1725000
Chevrolet Spark EV 2026 A/T / ACTIV,N/A,-,Automatic,950000
Chevrolet Captiva EV 2026 A/T / Premier,N/A,-,Automatic,1399000
Renault Megane 1.3T A/T / Signature Turbo,Yes,1300 cc,Automatic,1450000
IM LS7 2026 A/T / Ultra Performance,N/A,-,Automatic,2925000
IM 6 2026 A/T / Ultra Efficiency,N/A,-,Automatic,2100000
IM 6 2026 A/T / Ultra Efficiency,N/A,-,Automatic,2575000
Jetour T1 1.5T 2026 A/T / Luxury,N/A,1500 cc,Automatic,1730000
Chery Arrizo 6 GT 1.5T 2026 A/T / Luxury ,N/A,1500 cc,Automatic,999000
Chery Arrizo 6 GT 1.5T 2026 A/T / Comfort,N/A,1500 cc,Automatic,899000
MG GT 1.5T 2026 A/T / Luxury,Yes,1500 cc,Automatic,1160000
MG GT 1.5T 2026 A/T / Comfort,Yes,1500 cc,Automatic,1100000
Baic BJ30 2026 A/T / Off-Road,N/A,1500 cc,Automatic,1774900
Baic BJ30 2026 A/T / ULTRA,N/A,1500 cc,Automatic,1674900
Baic BJ30 2026 A/T / PRO,N/A,1500 cc,Automatic,1574900
Hyundai Ioniq 9 2026 A/T / Calligraphy ,N/A,-,Automatic,3550000
Hyundai Ioniq 9 2026 A/T / Extreme,N/A,-,Automatic,3250000
Hyundai Ioniq 9 2026 A/T / Connect,N/A,-,Automatic,2900000
Soueast S 09 2026 A/T / Flagship ,N/A,1600 cc,Automatic,1600000
BMW X3 2026 A/T / 30 xDrive – M Sport,Yes,2000 cc,Automatic,4990000
MG Cyberster 2026 A/T / Trophy,Yes,-,Automatic,2850000
Changan Eado 2026 A/T / FLAGSHIP,Yes,1500 cc,Automatic,925000
Changan Eado 2026 A/T / ELITE,Yes,1500 cc,Automatic,875000
Changan CS75 Plus 2026 A/T / FLAGSHIP,Yes,1500 cc,Automatic,1630000
Changan CS75 Plus 2026 A/T / PREMIUM,Yes,1500 cc,Automatic,1480000
Baic X3 2026 A/T / Luxury,Yes,1500 cc,Automatic,899900
Byd Dolphin 2026 Automatic,Yes,-,Automatic,949900
Byd Sealion 6 2026 A/T / DM-i Luxury,Yes,-,Automatic,2149900
Byd Sealion 6 2026 A/T / DM-i Ultra,Yes,-,Automatic,1949900
Byd Sealion 6 2026 A/T / EV,Yes,-,Automatic,1749900
Cupra Formentor 2026 Automatic,N/A,1500 cc,Automatic,2049000
Hongqi Ousado 2026 A/T / Luxury,Yes,1500 cc,Automatic,1750000
Hongqi Ousado 2026 A/T / Comfort,Yes,1500 cc,Automatic,1490000
Hongqi HS3 2026 A/T / Luxury,Yes,1500 cc,Automatic,1850000
Hongqi E-HS9 2026 A/T / Luxury,Yes,-,Automatic,3199000
Li Auto L9 2026 Ultra,Yes,1500 cc,Automatic,4350000
Li Auto L7 2026 Ultra,Yes,1500 cc,Automatic,3600000
Li Auto L6 Pro 2026,Yes,1500 cc,Automatic,2550000
Xpeng G9 2025 A/T / Performance,Yes,-,Automatic,3150000
Xpeng G9 2025 A/T / Long Range + Nappa,Yes,-,Automatic,2890000
Xpeng G9 2025 A/T / Long Range,Yes,-,Automatic,2740000
Xpeng G6 2026 A/T / STANDARD RANGE,Yes,-,Automatic,2190000
Xpeng P7 2026 A/T / Flagship ,Yes,-,Automatic,2150000
Genesis G80 2026 A/T / Performance,Yes,-,Automatic,4250000
Genesis G80 2026 A/T / Advanced,Yes,-,Automatic,4100000
Genesis G80 2026 A/T / Dynamic,Yes,-,Automatic,3500000
IM 5 2026 A/T / Ultra Range,Yes,-,Automatic,2250000
IM 5 2026 A/T / Ultra Range,Yes,-,Automatic,2450000
IM 5 2026 A/T / Ultra Efficiency,Yes,-,Automatic,1900000
Genesis GV 70 2026 A/T / Advanced,Yes,-,Automatic,3850000
Genesis GV 70 2026 A/T / Dynamic,Yes,-,Automatic,3650000
Genesis GV 60 2026 A/T / Performance,Yes,-,Automatic,3550000
Genesis GV 60 2026 A/T / Advanced,Yes,-,Automatic,3250000
Genesis GV 60 2026 A/T / Dynamic,Yes,-,Automatic,2600000
Zeekr 001 2025 A/T / Performance AWD,Yes,-,Automatic,3049000
Zeekr 001 2025 A/T / Privilege AWD,Yes,-,Automatic,2849000
Zeekr 001 2025 A/T / Long Range,Yes,-,Automatic,2549000
Zeekr 7X 2026 A/T / Performance,Yes,-,Automatic,2499000
Zeekr 7X 2026 A/T / Performance,Yes,-,Automatic,2799000
Zeekr 7X 2026 A/T / Standard,Yes,-,Automatic,2099000
Zeekr X 2025 A/T / Performance,N/A,-,Automatic,1849000
Zeekr X 2025 A/T / Long Range,N/A,-,Automatic,1699000
Baic X7 2025 A/T / Premium,Yes,1500 cc,Automatic,1579900
Baic X7 2025 A/T / Top Line,Yes,1500 cc,Automatic,1504900
Baic X7 2025 A/T / Highline,Yes,1500 cc,Automatic,1429900
Baic X55 2025 A/T / Premium,Yes,1500 cc,Automatic,1414900
Baic X55 2025 A/T / Top Line,Yes,1500 cc,Automatic,1299900
Baic X55 2025 A/T / Highline,Yes,1500 cc,Automatic,1199900
Baic U5 plus 2025 A/T / Top Line,Yes,1500 cc,Automatic,974900
Baic U5 plus 2026 Manual ,Yes,1500 cc,Manual,695000
Baic U5 plus 2025 A/T / Comfort,Yes,1500 cc,Automatic,849900
Kaiyi X7 2026 A/T / Flagship,Yes,1600 cc,Automatic,1400000
Kaiyi X3 Pro 2026 A/T / Flagship,Yes,1500 cc,Automatic,960000
Kaiyi X3 Pro 2026 A/T / Top Line,Yes,1500 cc,Automatic,900000
Cupra Terramar 2026 A/T / CONTROL,Yes,1400 cc,Automatic,2399000
Cupra Terramar 2026 A/T / IMPULSE,Yes,1400 cc,Automatic,2299000
Soueast S 07 2026 A/T / Premium,Yes,1600 cc,Automatic,1530000
Soueast S 07 2026 A/T / Highline,Yes,1500 cc,Automatic,1390000
Soueast S 06 2026 A/T / Premium,Yes,1600 cc,Automatic,1485000
Soueast S 06 2026 A/T / Highline,Yes,1500 cc,Automatic,1350000
Soueast S 05 2026 A/T / Highline,Yes,1500 cc,Automatic,1070000
Maserati Grecale 2025 A/T / Modena,Yes,2000 cc,Automatic,6400000
Changan UNI-V 2026 A/T / Flagship,Yes,1500 cc,Automatic,1325000
Changan Eado plus 2026 A/T / Flagship,Yes,1500 cc,Automatic,1200000
Changan Eado plus 2026 A/T / Premium,Yes,1500 cc,Automatic,1100000
Changan Eado plus 2026 A/T / Elite,Yes,1500 cc,Automatic,1049000
Changan CS 35 Plus 2026 A/T / FLAGSHIP,Yes,1400 cc,Automatic,1249000
Changan CS 35 Plus 2026 A/T / PREMIUM,Yes,1400 cc,Automatic,1149000
Changan CS 35 Plus 2026 A/T / ELITE,Yes,1400 cc,Automatic,1049000
Avatr 12 2026 AT/ GT,N/A,-,Automatic,3580000
Avatr 12 2026 AT/ Luxury ,N/A,-,Automatic,3050000
Avatr 11 2026 AT/ Premium ,N/A,-,Automatic,3530000
Avatr 11 2026 AT/ Performance,N/A,-,Automatic,3300000
Avatr 11 2026 AT/ Luxury ,N/A,-,Automatic,2990000
Dongfeng Box 2026 330 ,Yes,-,Automatic,770000
Dongfeng Box 2026 430 ,Yes,-,Automatic,870000
Dongfeng Shine 2026 A/T / Sport,Yes,1500 cc,Automatic,945000
Dongfeng Shine 2026 A/T / Advance,Yes,1500 cc,Automatic,790000
Deepal S 07 2026 A/T / BEV,N/A,1500 cc,Automatic,2015000
Deepal S 07 2026 A/T / REEV,N/A,1500 cc,Automatic,1925000
Deepal S 05 2026 A/T / BEV,N/A,1500 cc,Automatic,1750000
Deepal S 05 2026 A/T / REEV,N/A,1500 cc,Automatic,1599000
GAC GS4 max 2026 A/T / Premium,Yes,1500 cc,Automatic,1336000
Hyundai I30 2026 A/T / edline (fastback),Yes,1500 cc,Automatic,1300000
Hyundai I30 2026 A/T / Redline,Yes,1500 cc,Automatic,1250000
Hyundai I30 2026 A/T / Blaze (fastback),Yes,1500 cc,Automatic,1100000
Hyundai I30 2026 A/T / Blaze,Yes,1500 cc,Automatic,1050000
Jetour X90 Plus 2026 A/T / Luxury ,Yes,1600 cc,Automatic,1560000
Rox 01 A/T / Aviation 6 seats,N/A,1500 cc,Automatic,3585000
Jetour X70 Plus 2026 A/T / Luxury local,Yes,1500 cc,Automatic,1275000
Rox 01 A/T / Family 7 seats,N/A,1500 cc,Automatic,3500000
Jetour Dashing 2026 A/T / Luxury 1.6,Yes,1600 cc,Automatic,1480000
Jetour Dashing 2026 A/T / Luxury,Yes,1500 cc,Automatic,1330000
Chery Tiggo 9 2026 A/T / Luxury,Yes,1500 cc,Automatic,2100000
Chery Tiggo 8 pro max 2026 A/T / Flagship,Yes,1500 cc,Automatic,1720000
Chery Tiggo 8 pro max 2026 A/T / Luxury,Yes,1500 cc,Automatic,1620000
Chery EQ7 2026 Automtic,N/A,-,Automatic,1599000
Chery Arrizo 8 2026 A/T / Flagship,Yes,1600 cc,Automatic,1380000
Chery Arrizo 8 2026 A/T / Luxury,Yes,1600 cc,Automatic,1300000
Chery Tiggo 7 pro max 2026 A/T / Flagship,Yes,1500 cc,Automatic,1420000
Chery Tiggo 7 pro max 2026 A/T / Luxury,Yes,1500 cc,Automatic,1320000
Mini Cooper 2026 A/T / JCW Convertible,Yes,2000 cc,Automatic,3000000
Proton Saga A/T / Premium 1.3,N/A,1300 cc,Automatic,685000
Volvo C40 2024 A/T / Twin motor,Yes,-,Automatic,2950000
Volvo C40 2024 A/T / Single motor,Yes,-,Automatic,2650000
Citroën C4X 2026 A/T / Shine,Yes,1200 cc,Automatic,1420000
Citroën C4X 2026 A/T / Feel,Yes,1200 cc,Automatic,1290000
KGM Actyon 2026 A/T / Top Line,Yes,1500 cc,Automatic,2125000
KGM Actyon 2026 A/T / High Line,Yes,1500 cc,Automatic,1925000
KGM Torres 2026 Automtic /Luxury,Yes,1500 cc,Automatic,1980000
KGM Torres 2026 Automtic /Premium,Yes,1500 cc,Automatic,1850000
KGM Torres 2026 Automtic /advanced,Yes,1500 cc,Automatic,1720000
KGM Torres 2026 Automtic /comfort,Yes,1500 cc,Automatic,1585000
Renault Kardian 2026 A/T / Iconic,Yes,1000 cc,Automatic,990000
Renault Kardian 2026 A/T / Techno,Yes,1000 cc,Automatic,930000
Renault Kardian 2026 A/T / Evolution,Yes,1000 cc,Automatic,875000
Jac JS8 PRO A/T 1.5T Flagship,N/A,1500 cc,Automatic,1295000
Jac JS8 PRO A/T 1.5T LIMITED,N/A,1500 cc,Automatic,1245000
Jac JS6 A/T 1.5T Flagship,N/A,1500 cc,Automatic,1290000
Jac JS6 A/T 1.5T LIMITED,N/A,1500 cc,Automatic,1240000
Exeed LX 1.6T A/T / Luxury,N/A,1600 cc,Automatic,1440000
Exeed VX 2.OT A/T / flagship,N/A,2000 cc,Automatic,2920000
Exeed VX 2.OT A/T / Luxury,N/A,2000 cc,Automatic,2620000
Exeed RX 2026 A/T / Luxury,N/A,2000 cc,Automatic,2050000
Subaru Forester A/T 2.0 ,N/A,2000 cc,Automatic,2775000
Skoda Superb 2026 2.0 T  A/T / L&K,Yes,2000 cc,Automatic,3000000
Volkswagen Touareg 2.0 T A/T  R-Line,N/A,2000 cc,Automatic,4600000
Volkswagen Tayron 1.4T A/T / R-Line,N/A,1400 cc,Automatic,2890000
Geely City Ray 1.5T Sport,N/A,1500 cc,Automatic,1469000
Geely City Ray 1.5T Premium,N/A,1500 cc,Automatic,1379000
Geely City Ray 1.5T Comfort,N/A,1500 cc,Automatic,1299000
Peugeot 2008 1.2 GT 2027,N/A,1200 cc,Automatic,1649990
Peugeot 2008  1.2 T ALLURE  2027,N/A,1200 cc,Automatic,1499990
Opel Grandland 1.6T Top Line+ ,N/A,1600 cc,Automatic,2124990
MG HS 1.5T HEV 2026 ,N/A,1500 cc,Automatic,1625000
MG HS 1.5T Luxury 2026 ,N/A,1500 cc,Automatic,1525000
MG 7 1.5T Trophy,N/A,1500 cc,Automatic,1725000
Kia Seltos 2025 A/T / Top Line,Yes,1400 cc,Automatic,1624900
Kia Seltos 2025 A/T / Highline,Yes,1400 cc,Automatic,1499900
Kia Seltos 2025 A/T / EX,Yes,1500 cc,Automatic,1349900
Kia Sorento 2025 A/T / Topline,Yes,1600 cc,Automatic,3549900
Kia K4 A/T / GT-line Black Edition,Yes,1600 cc,Automatic,1849900
Kia K4 A/T / GT-line,Yes,1600 cc,Automatic,1699900
Kia K4 A/T / Highline,Yes,1600 cc,Automatic,1499900
MG ZS 2025 Luxury,Yes,1500 cc,Automatic,1150000
Tesla Model X Plaid (AWD),Yes,-,Automatic,0
Tesla Model Y Performance (AWD),Yes,-,Automatic,0
Tesla Model Y Long Range (AWD),Yes,-,Automatic,0
Tesla Cybertruck 123 kWh Cyberbeast Tri Motor AWD (845 Hp),Yes,-,Automatic,0
Tesla Cybertruck 123 kWh Dual Motor AWD (600 Hp),Yes,-,Automatic,0
Tesla Model 3 Performance (AWD),Yes,-,Automatic,0
Tesla Model 3 Rear-Wheel Drive,Yes,-,Automatic,0
Tesla Model 3 Long Range (AWD),Yes,-,Automatic,0
Tesla Model S Plaid (AWD),Yes,-,Automatic,0
Tesla Model Y Standard Range,Yes,-,Automatic,0
Tesla Model S Long Range (AWD),Yes,-,Automatic,0
Tesla Model X Long Range (AWD),Yes,-,Automatic,0
Porsche Taycan Turbo Cross Turismo,Yes,-,Automatic,12319525
Porsche Taycan 4s Cross Turismo,Yes,-,Automatic,9007039
Porsche Taycan Turbo,Yes,-,Automatic,15466387
Porsche Taycan GTS,Yes,-,Automatic,14404442
Porsche Taycan Turbo S,Yes,-,Automatic,13084319
Porsche Taycan 4S,Yes,-,Automatic,7462836
Porsche Taycan 4 Cross Turismo,Yes,-,Automatic,7165686
Porsche Taycan Base,Yes,-,Automatic,6396020
Volvo EX30 Twin Motor Performance,Yes,-,Automatic,1990000
Volvo EX30 Single Motor Extended range,Yes,-,Automatic,1890000
Volvo EX30 Single Core,Yes,-,Automatic,1790000
Jetour T2 1.5 A/T / Luxury,Yes,1500 cc,Automatic,1900000
Jac JS2 A/T / Smart,Yes,1500 cc,Automatic,760000
Haval Jolion Pro A/T / High Deluxe,Yes,1500 cc,Automatic,1209000
Haval H6 HEV A/T / High Deluxe,Yes,1500 cc,Automatic,1515000
Geely Emgrand 1.5L GK,Yes,1500 cc,Automatic,939000
Geely Emgrand 1.5L GS,Yes,1500 cc,Automatic,839000
Geely Starray 1.5 A/T Sport+,Yes,1500 cc,Automatic,1569000
Geely Starray 1.5 A/T Sport,Yes,1500 cc,Automatic,1499000
Geely Starray 1.5 A/T Premium,Yes,1500 cc,Automatic,1399000
Geely Starray 1.5 A/T Comfort,Yes,1500 cc,Automatic,1299000
Geely GX3 PRO A/T / Premium,Yes,1500 cc,Automatic,790000
Geely Geometry C 550 GS,Yes,-,Automatic,1799000
Geely Geometry C 400 GS,Yes,-,Automatic,1699000
Geely Coolray 1.5 A/T Sport,Yes,1500 cc,Automatic,1199000
Geely Coolray 1.5 A/T Premium,Yes,1500 cc,Automatic,1075000
Geely Coolray 1.5 A/T Comfort,Yes,1500 cc,Automatic,975000
Citroen C4 1.2 A/T Shine,Yes,1200 cc,Automatic,1525000
Alfa Romeo Tonale Veloce,Yes,2000 cc,Automatic,3250000
Alfa Romeo Tonale TI,Yes,2000 cc,Automatic,3600000
Alfa Romeo Stelvio Veloce,Yes,2000 cc,Automatic,3550000
Alfa Romeo Stelvio Sprint ,Yes,2000 cc,Automatic,3390000
BMW iX2 eDrive20,Yes,-,Automatic,3850000
BMW iX1 eDrive20,Yes,-,Automatic,3650000
Mitsubishi Outlander Sport 1.5 A/T Premium	,Yes,1500 cc,Automatic,1475000
Mitsubishi Outlander Sport 1.5 A/T High Line,Yes,1500 cc,Automatic,1375000
Mitsubishi Attrage GLX HL,Yes,1200 cc,Automatic,740000
Mitsubishi Mirage GLX HL,Yes,1200 cc,Automatic,755000
Suzuki Baleno 1.5L GLX,Yes,1500 cc,Automatic,1090000
Chery Tiggo 4 Pro Flagship,Yes,1500 cc,Automatic,999000
Chery Tiggo 4 Pro Luxury,Yes,1500 cc,Automatic,939000
Chery Tiggo 4 Pro Comfort,Yes,1500 cc,Automatic,899000
Chery Tiggo 8 Pro Flagship,Yes,1600 cc,Automatic,1475000
Chery Tiggo 8 Pro Luxury,Yes,1600 cc,Automatic,1375000
Chery Tiggo 8 A/T / Luxury 7 Seats,Yes,1500 cc,Automatic,1270000
Chery Tiggo 8 A/T / Luxury,Yes,1500 cc,Automatic,1230000
Chery Tiggo 8 A/T / Comfort 7 Seats,Yes,1500 cc,Automatic,1170000
MG 4 EV SE Luxury 2025,Yes,-,Automatic,1400000
MG 4 EV SE Standard,Yes,-,Automatic,1200000
MG One 1.5T LUX,Yes,1500 cc,Automatic,1400000
Peugeot 3008 1.6T GT 2027,Yes,1600 cc,Automatic,2399990
Peugeot 3008 1.6T Allure 2027,Yes,1600 cc,Automatic,2099990
Peugeot 5008 1.6 A/T GT 2027,Yes,1600 cc,Automatic,2574990
Peugeot 5008 1.6 A/T Allure 2027,Yes,1600 cc,Automatic,2274990
Peugeot 408 1.6T GT 2027,Yes,1600 cc,Automatic,2199990
Peugeot 408 1.6T Allure 2027,Yes,1600 cc,Automatic,1889990
Opel Mokka 1.2T GS Line 2026,Yes,1200 cc,Automatic,1390000
Volkswagen Golf 1.4 Life,Yes,1400 cc,Automatic,1790000
Volkswagen T-Roc 1.4 A/T R-line,Yes,1400 cc,Automatic,1850000
Renault Taliant 1.0 A/T Techno Turbo,Yes,1000 cc,Automatic,815000
Renault Taliant 1.0 A/T Evolution Turbo,Yes,1000 cc,Automatic,755000
Nissan Patrol LE Platinum City,Yes,4000 cc,Automatic,0
Nissan Patrol SE Platinum City,Yes,4000 cc,Automatic,0
Nissan Patrol XE,Yes,4000 cc,Automatic,0
Nissan X-Trail e-power 213 Automatic 4WD e-4orce Tenka,Yes,1500 cc,Automatic,2499990
Nissan X-Trail DIG-T 147 CVT 2WD Acenta Premuim,Yes,1500 cc,Automatic,2199900
Nissan Qashqai DIG-T 147 CVT 2WD Tekna,Yes,1300 cc,Automatic,1530000
Nissan Qashqai DIG-T 147 CVT 2WD Acenta Premuim,Yes,1300 cc,Automatic,1450000
Nissan Sentra 1.6L Full Option,Yes,1600 cc,Automatic,1099000
Nissan Sentra 1.6L Baseline,Yes,1600 cc,Automatic,999000
Toyota Urban Cruiser 1.5 A/T Comfort,Yes,1500 cc,Automatic,1530000
Toyota Urban Cruiser 1.5 A/T Active,Yes,1500 cc,Automatic,1430000
Toyota RAV4 2.5L Full Option (4X4),Yes,2500 cc,Automatic,6550000
Kia Xceed A/T / Highline / Panorama,Yes,1500 cc,Automatic,1599900
Kia Xceed A/T / Highline / Panorama,Yes,1500 cc,Automatic,1499900
Kia Xceed A/T / Highline,Yes,1500 cc,Automatic,1399900
Hyundai Ioniq 6  A/T / EXTREME AWD,Yes,-,Automatic,2550000
Hyundai Ioniq 6  A/T / EXTREME RWD,Yes,-,Automatic,2350000
Hyundai Ioniq 6  A/T / CONNECT PLUS,Yes,-,Automatic,2100000
Hyundai Santa Fe  A/T HEV Calligraphy AWD,Yes,1600 cc,Automatic,3400000
Hyundai Santa Fe  A/T HEV Executive RWD,Yes,1600 cc,Automatic,2900000
Mercedes-Benz EQB 350 4MATIC,Yes,-,Automatic,2300000
Mercedes-Benz GLC Coupe 300 4MATIC,Yes,2000 cc,Automatic,0
Mercedes-Benz GLC Coupe 250 4MATIC,Yes,2000 cc,Automatic,0
Mercedes-Benz GLS  600 4MATIC,Yes,4600 cc,Automatic,8000000
Mercedes-Benz B Class  B200,Yes,1600 cc,Automatic,1800000
Mercedes-Benz GLC-Class  250 4MATIC,Yes,2000 cc,Automatic,6000000
Renault Austral  T A/T esprit Alpine,Yes,1300 cc,Automatic,1890000
Renault Austral  T A/T Iconic ,Yes,1300 cc,Automatic,1790000
Renault Austral  T A/T techno,Yes,1300 cc,Automatic,1690000
Renault Austral  T A/T Evolution,Yes,1300 cc,Automatic,1550000
DS 4  1.6T Trocadéro,N/A,1600 cc,Automatic,1890000
DS 4 1.6T Performance Line,N/A,1600 cc,Automatic,2000000
GLE 450 4MATIC,Yes,3000 cc,Automatic,4680000
MG 7 1.5T Luxury,Yes,1500 cc,Automatic,1625000
Exeed RX A/T Flagship 2.0T 2O26,Yes,2000 cc,Automatic,2450000
Opel Corsa 1.2T Sport Topline 2026,Yes,1200 cc,Automatic,1250000
Mercedes-Benz EQA 300 4MATIC,Yes,-,Automatic,2500000
Kia Sportage  1.6T GT FWD,Yes,1600 cc,Automatic,2400000
Kia Sportage 1.6T FWD Topline,Yes,1600 cc,Automatic,2300000
Kia Sportage  1.6T FWD Highline,Yes,1600 cc,Automatic,2075000
Kia Sportage  1.6T EX FWD,Yes,1600 cc,Automatic,1925000
Hyundai Tucson 1.6 T-GDI 7DCT N Line,Yes,1600 cc,Automatic,2375000
Hyundai Tucson 1.6 T-GDI 7DCT BLACK DIAMOND,Yes,1600 cc,Automatic,2275000
Hyundai Tucson 1.6 A/T NIGHT NX4e,Yes,1600 cc,Automatic,2175000
Hyundai Tucson 1.6 A/T REDLINE NX4e,Yes,1600 cc,Automatic,2025000
Kia Sportage 1.6T LX FWD,Yes,1600 cc,Automatic,1825000
Hyundai Tucson 1.6 A/T BLAZE NX4e,Yes,1600 cc,Automatic,1925000
GAC EMZOOM 1.5T  RS Style,Yes,1500 cc,Automatic,1295000
Audi Q7 2026 A/T /S Line Plus,Yes,1984 cc,Automatic,6199000
Audi Q3 2026 A/T / Sport back S-Line,Yes,1395 cc,Automatic,3249000
Audi Q3 2026 A/T / Sport back Premium,Yes,1395 cc,Automatic,2999000
Audi Q3 2026 A/T / S-Line,Yes,1395 cc,Automatic,2999000
Audi A6 AT/  S-line Plus,Yes,1984 cc,Automatic,5249000
Audi A5 Sportback A/T /  S-line,Yes,1984 cc,Automatic,3949000
Volvo XC40 2.0 A/T Essential,Yes,2000 cc,Automatic,2550000
Volvo XC60 2.0T Essential ,Yes,1969 cc,Automatic,3490000
Volvo XC60 2.0T Black Edition,Yes,1969 cc,Automatic,3990000
Volvo XC60 2.0T Ultimate Dark,Yes,1969 cc,Automatic,3790000
Haval Jolion 1.5T Deluxe ,Yes,1500 cc,Automatic,1035000
Haval Jolion 1.5T Standard ,Yes,1500 cc,Automatic,985000
Changan UNI-T 1.5T Flagship ,Yes,1500 cc,Automatic,1499000
Suzuki Swift 2026 A/T / GLX,Yes,1200 cc,Automatic,875000
Forthing T5 2027 A/T / REEV,Yes,1500 cc,Automatic,1390000
Forthing T5 2027 A/T / EV,Yes,-,Automatic,1380000
GAC EMZOOM 1.5T GL,Yes,1500 cc,Automatic,1189000
GAC EMZOOM 1.5T GB,Yes,1500 cc,Automatic,1109000
GAC EMZOOM 1.5T GS,Yes,1500 cc,Automatic,994000
GAC EMPOW 1.5T GE,Yes,1500 cc,Automatic,1295000
GAC EMPOW 1.5T GB,Yes,1500 cc,Automatic,1189000
Renault Duster 1.3L Signature ,Yes,1300 cc,Automatic,1395000
Nissan Sunny 1.5 A/T Plus,Yes,1498 cc,Automatic,765000
Hyundai Accent RB 1.6 GL AT HIGHLINE,Yes,1600 cc,Automatic,839000
Mercedes-Benz EQA 350 4MATIC,Yes,-,Automatic,2500000
DS 7 Crossback 1.6T Etoile,Yes,1598 cc,Automatic,2450000
DS 7 Crossback 1.6T pallas ,Yes,1598 cc,Automatic,2250000
Citroen C5 Aircross 1.6T Shine,Yes,1599 cc,Automatic,1935000
Citroen C5 Aircross 1.6T Live,Yes,1599 cc,Automatic,1695000
Citroen C3 Aircross 1.2T Plus,Yes,1200 cc,Automatic,1120000
Chevrolet Jumbo NPR,N/A,4600 cc,Manual,812000
Chevrolet Jumbo QMR,N/A,2771 cc,Manual,752500
Chevrolet Jumbo NPR 700P,N/A,4600 cc,Manual,350800
Chevrolet Jumbo NPR 700P A/C,N/A,4600 cc,Manual,358100
Chevrolet Jumbo NQR,N/A,4600 cc,Manual,1580000
Chevrolet Dabbabah 2.5L Floor,N/A,2500 cc,Manual,0
Chevrolet Dabbabah 2.5L Single Cab Base Line + AC,N/A,2500 cc,Manual,0
Chevrolet Dabbabah 2.5L Single Cab High Line + AC,N/A,2500 cc,Manual,0
Chevrolet Dabbabah 2.5L Single Cab High Line,N/A,2500 cc,Manual,0
Chevrolet Dabbabah 2.5L Single Cab Base Line,N/A,2500 cc,Manual,0
Chevrolet Captiva 1.5T Premier (7seats),Yes,1500 cc,Automatic,1400000
Chery Arrizo 5 1.5L (Basic) M/T,Yes,1499 cc,Manual,685000
Chery Arrizo 5 1.5L (Basic),Yes,1499 cc,Automatic,730000
Changan UNI-T 1.5T Premium,Yes,1500 cc,Automatic,1399000
Changan CS55 Plus 2027 A/T / Premium ( Local),Yes,1500 cc,Automatic,1260000
Changan CS55 Plus 2027 A/T / Elite ( Local ),Yes,1500 cc,Automatic,1130000
BMW X7 XDrive60i,Yes,4400 cc,Automatic,10200000
BMW X6 4.4 V8,Yes,4395 cc,Automatic,9250000
BMW X5 40i xDrive,Yes,2998 cc,Automatic,7100000
BMW X4 xDrive M40i,Yes,2979 cc,Automatic,5100000
BMW X3 2026 A/T / xLine,Yes,1600 cc,Automatic,4100000
BMW X2 sDrive20i (M sport X package),Yes,1998 cc,Automatic,3450000
BMW X1 sDrive 18i,Yes,2000 cc,Automatic,0
BMW IX xDrive50,Yes,-,-,7280000
BMW IX xDrive40,Yes,-,-,6420000
BMW i7 101.7 kWh xDrive60,Yes,-,-,10560000
BMW 8 Series Coupe M850i xDrive,Yes,4395 cc,Automatic,0
BMW 8 Series Convertible M 850i xDrive,Yes,4395 cc,Automatic,0
BMW 7 Series 740i,Yes,2979 cc,-,0
BMW 7 Series 760i,Yes,5972 cc,Automatic,0
BMW 5 Series 530i,Yes,1998 cc,Automatic,0
BMW 5 Series 520i,Yes,1998 cc,Automatic,0
BMW 4 Series Gran Coupe 420i,Yes,1998 cc,Automatic,0
BMW 3 Series 330i,Yes,1998 cc,Automatic,0
BMW 3 Series 340i,Yes,2998 cc,Automatic,0
BMW 3 Series 320i,Yes,1998 cc,Automatic,0
BMW 1 Series 118i,Yes,1499 cc,Automatic,2200000
Bentley Mulsanne 6.75L V8 Extended Wheelbase,Yes,6752 cc,Automatic,0
Bentley Mulsanne 6.75L V8,Yes,6752 cc,Automatic,0
Bentley Flying Spur 4.0L V8,Yes,3993 cc,Automatic,0
Bentley Flying Spur 4.0L V8 S,Yes,3993 cc,Automatic,0
Bentley Bentayga 4.0L V8 EWB Azure,Yes,4000 cc,Automatic,0
Bentley Bentayga 6.0L W12,Yes,5950 cc,Automatic,0
Audi Q8 2026 A/T / S Line Plus,Yes,2995 cc,Automatic,7900000
Audi Q7 2026 A/T / S Line,Yes,1984 cc,Automatic,5750000
Audi Q3 2026 A/T / Advanced,Yes,1395 cc,Automatic,2799000
Audi Q2 A/T / S-line ,Yes,1395 cc,Automatic,2399000
Audi A6 AT/ Advanced,Yes,1984 cc,Automatic,4749000
Audi A5 Sportback A/T / Advanced ,Yes,1984 cc,Automatic,3449000
Audi A3 (HB) A/T / S-line ,Yes,1400 cc,Automatic,2520000
Audi A3 Sedan A/T / S-line,Yes,1395 cc,Automatic,2599000
Aston Martin Vantage V8 A/T,Yes,4700 cc,Automatic,0
Aston Martin DBX 4.0T (707 Edition),Yes,4000 cc,Automatic,0
Aston Martin DBX 4.0T V8,Yes,4000 cc,Automatic,0
Aston Martin DB11 4.0T V8 Coupe,Yes,3982 cc,Automatic,0
Aston Martin DB11 4.0T V8 Volante,Yes,3982 cc,Automatic,0
Alfa Romeo Giulia Veloce,Yes,2000 cc,Automatic,3149000
Volvo XC90 2.0 A/T Ultimate Bright AWD 7 Seats,Yes,2000 cc,Automatic,4950000
Volvo XC40 2.0T T5 AWD R Design,Yes,1969 cc,Automatic,3050000
Volvo XC40 2.0 A/T Ultimate Dark AWD,Yes,2000 cc,Automatic,2890000
Volkswagen Tiguan 1.4L R-Line,Yes,1400 cc,Automatic,2590000
Toyota Land Cruiser Prado 4.0L V6 VX1,Yes,4000 cc,Automatic,10700000
Toyota Hilux 2.4L GL M/T Diesel (4x2),Yes,2400 cc,Manual,1655000
Toyota Hiace 2.8L Van M/T,Yes,2755 cc,Manual,970000
Toyota Hiace 2.8L Van High Roof M/T,Yes,2755 cc,Manual,0
Toyota Hiace 2.8L Commuter M/T Standard,Yes,2755 cc,Manual,1632000
Toyota Hiace 2.8L Commuter M/T Full Option,Yes,2755 cc,Manual,1870000
Toyota Hiace 2.8L Commuter M/T Highline,Yes,2755 cc,Manual,2099000
Toyota Fortuner 4.0L Elegance (4X4),Yes,4000 cc,Automatic,3700000
Toyota Corolla 1.6L Smart w/ Sunroof,Yes,1600 cc,Automatic,1580000
Toyota Corolla 1.6L Elegance,Yes,1600 cc,Automatic,1630000
Toyota Coaster 4.2L (23-Seater),Yes,4164 cc,Manual,3565000
Toyota Coaster 4.2L (23-Seater) Full Option,Yes,4164 cc,Manual,4540000
Toyota Coaster 4.2L (23-Seater) VIP,Yes,4164 cc,Manual,4615000
Toyota Camry 2.5L Highline,Yes,2487 cc,Automatic,7400000
Suzuki Swift 1.2 GLX / Two tone,Yes,1200 cc,Automatic,905000
Suzuki S-Presso 1.0L Full Option Automtic ,Yes,1000 cc,Automatic,705000
Suzuki Dzire 1.2L GLX,Yes,1200 cc,Automatic,885000
Skoda Superb 1.5T A/T / Selection,Yes,2000 cc,Automatic,2350000
Skoda Octavia A8 1.4T A/T / Lounge,Yes,1395 cc,Automatic,2000000
Skoda Octavia A8 1.4T A/T / Suite,Yes,1400 cc,Automatic,2150000
Skoda Octavia A8 1.4T A/T / Loft ,Yes,1598 cc,Automatic,1800000
Skoda Kodiaq 1.4T A/T / Loft ,Yes,1395 cc,Automatic,2600000
Skoda Kodiaq 1.4T A/T / Suite,Yes,1395 cc,Automatic,2950000
Skoda Kodiaq 1.4T A/T Sport line ,Yes,1395 cc,Automatic,3100000
Skoda Karoq 1.4 T A/T / Suite,Yes,1400 cc,Automatic,1950000
Seat Leon Advance,Yes,1400 cc,Automatic,1499000
Seat Ibiza 1.6L FR Beats,Yes,1600 cc,Automatic,1329000
Seat Ibiza Reference,Yes,1600 cc,Manual,1129000
Seat Ateca 1.4T Style Plus,Yes,1400 cc,Automatic,1849000
Seat Arona 1.6L Style,Yes,1600 cc,Automatic,1329000
Rolls Royce Spectre 100 kWh AWD,Yes,-,-,0
Renault Megane 2026 A/T / Signature,Yes,1600 cc,Automatic,1330000
Renault Megane 2026 A/T / Dynamic,Yes,1600 cc,Automatic,1220000
Renault Duster 1.3L Dynamic ,Yes,1300 cc,Automatic,1295000
Renault Duster 1.3L Vision ,Yes,1300 cc,Automatic,1195000
Porsche Panamera 3.0L 4 E-Hybrid,Yes,2894 cc,Automatic,11196500
Porsche Panamera 4,Yes,3000 cc,Automatic,10584000
Porsche Panamera Turbo Executive,Yes,3996 cc,Automatic,0
Porsche Panamera Turbo S E-Hybrid,Yes,3996 cc,Automatic,12460700
Porsche Macan 2.0T Base,Yes,1984 cc,Automatic,4669700
Porsche Cayenne E-Hybrid,Yes,3000 cc,Automatic,0
Porsche Cayenne 4.0L Turbo,Yes,3996 cc,Automatic,0
Porsche 911 Carrera,Yes,2981 cc,Automatic,5026800
Porsche 911 Carrera GTS Cabriolet,Yes,3800 cc,Manual,15027969
Porsche 911 Carrera 4 GTS Cabriolet,Yes,3800 cc,Automatic,0
Porsche 911 Targa 4 GTS,Yes,3800 cc,Automatic,15690466
Porsche 911 GT3 RS,Yes,4000 cc,Automatic,0
Porsche 911 Turbo Cabriolet,Yes,3800 cc,Automatic,17176214
Porsche 911 Turbo S,Yes,3800 cc,Automatic,19134478
Porsche 911 Turbo S Cabriolet,Yes,3800 cc,Manual,20113610
Porsche 911 Carrera GTS,Yes,3800 cc,Automatic,13902700
Porsche 911 Carrera 4 GTS,Yes,3800 cc,Automatic,14555450
Porsche 911 Carrera 4,Yes,3400 cc,Manual,5389650
Porsche 911 Carrera Cabriolet,Yes,3000 cc,Automatic,11355000
Porsche 911 Carrera S,Yes,3000 cc,Automatic,0
Porsche 911 Carrera 4S,Yes,3000 cc,Automatic,10422300
Porsche 911 Carrera 4S Cabriolet,Yes,3000 cc,Automatic,0
Porsche 718 Boxster,Yes,1988 cc,Automatic,5189100
Porsche 718 Cayman S,Yes,2497 cc,Automatic,6526800
Porsche 718 Boxster S,Yes,2497 cc,Automatic,6806100
Porsche 718 Cayman GTS 4.0,Yes,3995 cc,Manual,7658700
Porsche 718 Boxster GTS 4.0,Yes,3995 cc,Manual,7933100
Porsche 718 Cayman,Yes,1988 cc,Automatic,7590000
Opel Grandland 1.6T Highline+ ,Yes,1600 cc,Automatic,1849990
Opel Grandland 1.6T Top Line ,Yes,1600 cc,Automatic,1974990
Opel Crossland 1.2T Topline 2025,Yes,1200 cc,Automatic,1350000
Nissan Sunny 1.5 A/T Base,Yes,1498 cc,Automatic,695000
Nissan Sunny 1.5 A/T Super Saloon,Yes,1498 cc,Automatic,795000
Nissan Juke 1.0T Tekna,Yes,999 cc,Automatic,1135000
Nissan Juke 1.0T Tekna Perso,Yes,999 cc,Automatic,1185000
Mitsubishi Xpander 1.5L HL,Yes,1499 cc,Automatic,1525000
Mitsubishi Xpander 1.5L GLS,Yes,1499 cc,Automatic,1440000
Mitsubishi Eclipse Cross 1.5T Insport,Yes,1499 cc,Automatic,1500000
Mitsubishi Eclipse Cross 1.5T Inspire,Yes,1499 cc,Automatic,1550000
Mitsubishi Eclipse Cross 1.5T Instyle,Yes,1499 cc,Automatic,1610000
Mitsubishi Eclipse Cross 1.5T Infinity S-AWD,Yes,1499 cc,Automatic,1690000
Mini Countryman Cooper S ALL4,Yes,1998 cc,Automatic,525000
Mini Countryman John Cooper Works,Yes,1600 cc,Manual,3320000
Mini Countryman Cooper Salt Edition,Yes,1499 cc,Automatic,2600000
Mini Convertible Cooper Chili Edition,Yes,1499 cc,Automatic,2250000
MG 6 1.5T DCT LUX (Black Interior),Yes,1500 cc,Automatic,1280000
MG 6 1.5T DCT LUX (Red Interior),Yes,1500 cc,Automatic,1300000
MG 5 1.5L LUX 2026,Yes,1500 cc,Automatic,974990
MG 5 1.5L STD 2026,Yes,1500 cc,Automatic,874990
Mercedes-Benz V Class V250 (Long) Exclusive,Yes,1991 cc,Automatic,3465000
Mercedes-Benz V Class V250 (Long) Avantgarde,Yes,1991 cc,Automatic,3875000
Mercedes-Benz S-Class S 450,Yes,2987 cc,Automatic,5850000
Mercedes-Benz S-Class S 560,Yes,3982 cc,Automatic,5850000
Mercedes-Benz S-Class S 560 4MATIC,Yes,3982 cc,Automatic,0
Mercedes-Benz S-Class S500,Yes,4663 cc,-,0
Mercedes-Benz Maybach S 580 4MATIC,Yes,3982 cc,Automatic,10000000
Mercedes-Benz GLA 200,Yes,1332 cc,Automatic,2740000
Mercedes-Benz EQS Sedan 580 4MATIC,Yes,-,-,0
Mercedes-Benz EQS Sedan 53 4MATIC+,Yes,-,-,0
Mercedes-Benz EQS Sedan 450+,Yes,-,-,0
Mercedes-Benz EQE 350+,Yes,-,-,0
Mercedes-Benz E-Class Saloon E 200,Yes,1991 cc,Automatic,4200000
Mercedes-Benz E-Class Saloon E 300,Yes,1991 cc,Manual,4700000
Mercedes-Benz CLA-Class CLA 200,Yes,1300 cc,Automatic,3400000
Mercedes-Benz CLA-Class CLA 180,Yes,1300 cc,Automatic,2500000
Mercedes-Benz CLA-Class CLA 250,Yes,1991 cc,Automatic,0
Mercedes-Benz C-Class C 300 4MATIC,Yes,1991 cc,Automatic,0
Mercedes-Benz C-Class C 200,Yes,1991 cc,Automatic,4100000
Mercedes-Benz C-Class C180,Yes,1800 cc,Manual,3650000
Mercedes-Benz C-Class C 300,Yes,1991 cc,Automatic,0
Mercedes-Benz C-Class C 180,Yes,1595 cc,Manual,3100000
Mercedes-Benz A-Class A 200,Yes,1300 cc,Automatic,3300000
Mazda CX 3 1.5L Luxury,Yes,1500 cc,Automatic,1335000
Mazda 3 Sedan 1.5L Sport,Yes,1496 cc,Automatic,1589000
Mazda 3 Hatchback 1.5L Premium,Yes,1496 cc,Automatic,1599000
Lexus RX 350 Highline,Yes,3456 cc,Automatic,0
Lexus RX 350 STD,Yes,3456 cc,Automatic,0
Lexus LS 500 Topline,Yes,3456 cc,Automatic,0
Lexus ES 350 Full Option,Yes,3456 cc,Automatic,0
Land Rover Range Rover Velar 2.0L R-Dynamic SE (250 PS),Yes,1998 cc,Automatic,0
Land Rover Range Rover Velar 2.0L HSE R-Dynamic (250 PS),Yes,1998 cc,Automatic,0
Land Rover Range Rover Sport 3.0T HSE Dynamic MHEV (360 PS),Yes,2995 cc,Automatic,0
Land Rover Range Rover Sport 3.0L V6 HSE Dynamic (360 PS),Yes,2995 cc,Automatic,0
Land Rover Range Rover Sport 3.0L SC V6 Autobiography Dynamic (400 PS),Yes,2995 cc,Automatic,0
Land Rover Range Rover Sport 5.0L V8 SVR (575 PS),Yes,4999 cc,Automatic,0
Land Rover Range Rover Sport 3.0L SC V6 HSE (340 PS),Yes,2995 cc,Automatic,1990000
Land Rover Range Rover Sport 3.0L SC V6 SE (340 PS),Yes,2995 cc,Automatic,1990000
Land Rover Range Rover Sport Supercharged,Yes,5000 cc,Automatic,1066020
Land Rover Range Rover Sport 2.0L HSE (300 PS),Yes,1997 cc,Automatic,0
Land Rover Range Rover 3.0L V6 Vogue (360 PS),Yes,2995 cc,Automatic,0
Land Rover Range Rover 5.0L SC Autobiography LWB (525 PS),Yes,4999 cc,Automatic,1393020
Land Rover Range Rover 3.0L SC V6 Vogue (400 PS),Yes,2995 cc,Automatic,0
Land Rover Range Rover 3.0L SC V6 Vogue LWB (400 PS),Yes,2995 cc,Automatic,0
Land Rover Range Rover 5.0L V8 Autobiography LWB (525 PS),Yes,4999 cc,Automatic,0
Land Rover Range Rover 5.0L V8 Autobiography (525 PS),Yes,4999 cc,Automatic,0
Land Rover Range Rover 5.0L SC SV Autobiography Dynamic (565 PS),Yes,4999 cc,Automatic,1393020
Land Rover Range Rover 5.0L SC SV Autobiography LWB (565 PS),Yes,4999 cc,Automatic,1393020
Land Rover Range Rover 5.0L SC V8 Autobiography (525 PS),Yes,4999 cc,Automatic,1393020
Land Rover Range Rover 5.0L SC Autobiography LWB (510 PS),Yes,5000 cc,Automatic,0
Land Rover Range Rover 5.0L SC SV Autobiography Dynamic,Yes,5000 cc,-,0
Land Rover Range Rover 5.0L SC SV Autobiography LWB (550 PS),Yes,5000 cc,-,0
Land Rover Range Rover 5.0L SC V8 Autobiography (510 PS),Yes,5000 cc,-,0
Land Rover Range Rover Sport SVR,Yes,5000 cc,-,0
Land Rover Range Rover SV Autobiography,Yes,5000 cc,Automatic,8500000
Land Rover Range Rover 3.0T V6 HSE MHEV (400 PS),Yes,2996 cc,Automatic,0
Land Rover Range Rover Autobiography,Yes,5000 cc,Automatic,8500000
Land Rover Range Rover Vogue,Yes,5000 cc,Automatic,0
Land Rover Discovery Sport 2.0T R-Dynamic SE (P250),Yes,1999 cc,Automatic,1390000
Land Rover Discovery Sport 2.0L Si4 HSE (4WD),Yes,1999 cc,Automatic,433820
Land Rover Discovery Sport SE,Yes,1999 cc,Automatic,0
Land Rover Discovery Sport 2.0L Si4 SE (4WD),Yes,1999 cc,Automatic,990000
Land Rover Discovery 3.0L R-Dynamic SE (360 HP),Yes,2995 cc,Automatic,0
Land Rover Discovery 2.0T R Dynamic SE (300 HP),Yes,2000 cc,Automatic,0
Land Rover Discovery 3.0L SC V6 HSE Luxury,Yes,2995 cc,Automatic,2550000
Land Rover Defender 110 SE (P400),N/A,3000 cc,Automatic,0
Land Rover Defender 90 SE Base (P300),N/A,1997 cc,Automatic,0
Kia Carnival 1.6T Topline,Yes,1600 cc,Automatic,3849900
Jetour X70 1.5T Luxury,Yes,1498 cc,Automatic,1240000
Jetour X70 1.5T Comfort,Yes,1498 cc,Automatic,1095000
Jeep Grand Cherokee 3.6 A/T Limited L 4x4,Yes,3600 cc,Automatic,5600000
Jaguar XF 2.0T R-Dynamic SE (250 PS) AWD,Yes,1997 cc,Automatic,1490000
Jaguar XF 2.0 i4Turbo Premium Luxury,Yes,1999 cc,Automatic,990000
Jaguar XF 2.0 T Portfolio,Yes,1999 cc,Automatic,990000
Jaguar XF 2.0 T Prestige,Yes,1999 cc,Automatic,990000
Jaguar XF 2.0 T R Sport,Yes,1999 cc,Automatic,990000
Jaguar XF 3.0 V6 SC Luxury,Yes,3000 cc,Automatic,0
Jaguar XF 2.0T SE (250 PS),N/A,1997 cc,Automatic,1350000
Jaguar XF R,Yes,5000 cc,-,0
Jaguar XF 3.0L,Yes,3000 cc,-,0
Jaguar XF 5.0L,Yes,5000 cc,-,0
Jaguar F-Type Coupe 3.0L V6 R-Dynamic (340 PS),Yes,3000 cc,Automatic,0
Jaguar F-Type Coupe 3.0L V6 R-Dynamic (380 PS),Yes,3000 cc,Automatic,0
Jaguar F-Type Coupe 3.0L V6 R-Dynamic AWD (380 PS),Yes,3000 cc,Automatic,0
Jaguar F-Type Coupe 5.0L SC R AWD (550 PS),Yes,5000 cc,Automatic,0
Jaguar F-Type Coupe 2.0T Base (300 PS),Yes,1997 cc,Automatic,0
Jaguar F-Type Coupe 2.0T Dynamic (300 PS),Yes,1997 cc,Automatic,0
Jaguar F-Type Coupe 3.0L V6 (340 PS) M/T,Yes,3000 cc,Manual,0
Jaguar F-Type Coupe 3.0L V6 (380 PS) M/T,Yes,3000 cc,Manual,0
Jaguar F-Type Coupe 3.0L V6 Dynamic (340 PS),Yes,3000 cc,Automatic,0
Jaguar F-Type Coupe 3.0L V6 Dynamic (380 PS),Yes,3000 cc,-,0
Jaguar F-Type Coupe 3.0L V6 Dynamic AWD (380 PS),Yes,3000 cc,-,0
Jaguar F-Type Coupe 5.0L SC R AWD (580 PS),Yes,5000 cc,-,0
Jaguar F-Type Coupe V6,Yes,3000 cc,Automatic,0
Jaguar F-Type Coupe 3.0L V6,Yes,3000 cc,Automatic,0
Jaguar F-Type Coupe 3.0L V6 (340 PS),Yes,3000 cc,Automatic,0
Jaguar F-Type Coupe 3.0L V6 (380 PS),Yes,3000 cc,Automatic,0
Jaguar F-Type Coupe 3.0L V6 400 Sport (400 PS),Yes,3000 cc,Automatic,1530000
Jaguar F-Type Coupe 3.0L V6 400 Sport AWD (400 PS),Yes,3000 cc,Automatic,0
Jaguar F-Type Coupe 3.0L V6 AWD (380 PS),Yes,3000 cc,Automatic,1530000
Jaguar F-Type Coupe 5.0L SVR AWD (575 PS),Yes,5000 cc,Automatic,1530000
Jaguar F-Type Convertible 2.0T R-Dynamic (300 PS),Yes,1997 cc,Automatic,1890000
Jaguar F-Pace 2.0T S (250 PS),Yes,1997 cc,Automatic,5000000
Jaguar F-Pace 2.0T R-Dynamic SE (250 PS),Yes,1997 cc,Automatic,0
Jaguar F-Pace 2.0T Prestige (250 PS),Yes,1997 cc,Automatic,0
Jaguar F-Pace S,N/A,3000 cc,Automatic,0
Jaguar E-Pace 2.0T R-Dynamic S (250 PS),Yes,1998 cc,Automatic,0
JAC J7 1.5T Ultimate,Yes,1500 cc,Automatic,1039000
Infiniti QX55 2.0T Luxe (AWD),Yes,1997 cc,-,0
Hyundai Tucson 1.6T Shadow,Yes,1600 cc,Automatic,1775000
Hyundai Elantra AD  1.6L MPI Smart,Yes,1600 cc,Automatic,1020000
Hyundai Elantra AD 1.6 GL A/T / Modern Sunroof,Yes,1591 cc,Automatic,1135000
Hyundai Elantra AD 1.6L MPI Topline,Yes,1600 cc,Automatic,1235000
Hyundai Elantra AD  1.6L MPI Modern,Yes,1600 cc,Automatic,1120000
Hyundai Elantra CN7  A/T CN7 Shadow,Yes,1600 cc,Automatic,1375000
Hyundai Elantra CN7 A/T CN7 RedLine,Yes,1600 cc,Automatic,1700000
Hyundai Elantra CN7  A/T CN7 Blaze,N/A,1600 cc,Automatic,1530000
Hyundai Elantra CN7 A/T Black Diamond,Yes,1600 cc,Automatic,1930000
Hyundai Accent RB 1.6 GL AT SR,Yes,1600 cc,Automatic,759900
Hyundai Accent RB 1.6 GL AT DAB ABS,Yes,1600 cc,Automatic,800000
Hyundai Accent RB 1.6 GL AT,N/A,1600 cc,Automatic,729900
Honda ZR-V 1.5 i-VTEC Full Option,Yes,1498 cc,Automatic,2200000
Haval Jolion 1.5T High Deluxe,Yes,1500 cc,Automatic,1135000
Haval H6 1.5T Platinum,Yes,1500 cc,Automatic,1300000
Haval H6 1.5TULTRA,Yes,1500 cc,Automatic,1490000
GMC Sierra HD Denali 6.6L V8,Yes,6600 cc,Automatic,0
GMC Sierra HD 6.6L SLE V8,Yes,6600 cc,Automatic,0
Geely Emgrand X7 1.3T GL,Yes,1299 cc,Automatic,309900
GAC EMPOW 1.5T GS,Yes,1500 cc,Automatic,1075000
Forthing U-Tour 1.5T,Yes,1500 cc,Automatic,1590000
Forthing T5 2027 A/T / EVO,Yes,1500 cc,Automatic,1190000
Fiat 500X 1.4T Highline,Yes,1400 cc,Automatic,1100000
Fiat Tipo Sedan 1.6L,Yes,1400 cc,Manual,770000
Chevrolet Optra A/T / Lt,Yes,1485 cc,Automatic,789900
Chevrolet Optra A/T / Ls,Yes,1485 cc,Automatic,764900
Chery Tiggo7 Pro 1.5T Luxury,Yes,1500 cc,Automatic,1180000
Chery Tiggo7 Pro 1.5T Comfort,Yes,1500 cc,Automatic,1080000
Chery Tiggo 7 2026 A/T / Highline,Yes,1498 cc,Automatic,1080000
Chery Tiggo7 1.5T Baseline,Yes,1498 cc,Automatic,1010000
Chery Arrizo 5 1.5L Highline,Yes,1499 cc,Automatic,770000
Bestune T55 1.5T Premium,Yes,1500 cc,Automatic,1055000
Bestune T77 Pro 1.5T Premium,Yes,1498 cc,Automatic,1150000
Bestune B70 1.5T Premium,Yes,1500 cc,Automatic,1225000
Bentley Continental GT 4.0T V8,Yes,6000 cc,Automatic,0
Alfa Romeo Giulia sprint ,Yes,2000 cc,Automatic,2749000
Toyota Corolla 1.6L Smart,Yes,1600 cc,Automatic,1480000
Toyota Corolla 1.6L Comfort,Yes,1600 cc,Automatic,1380000
Toyota Corolla 1.6L Active,Yes,1600 cc,Automatic,1280000
Suzuki Alto Standard,Yes,1000 cc,Manual,535000
Subaru XV Crosstrek A/T 2.0L Full Option,Yes,2000 cc,Automatic,2495000
Porsche Panamera Base,Yes,2995 cc,Automatic,5215600
Porsche Macan S,Yes,2995 cc,Automatic,5698700
Porsche Cayenne Coupe S,Yes,2894 cc,Automatic,9212000
Porsche Cayenne Coupe Base,Yes,2995 cc,Automatic,8085000
